Unnamed: 0_level_0,Unnamed: 1_level_0,Unnamed: 2_level_0,Passing,Passing,Passing,Passing,Passing,Passing,Rushing,Rushing,Rushing,Rushing,Receiving,Receiving,Receiving,Receiving,Fumbles,Fumbles,ID,Pos,Year
Player,Bye,Pts*,Att,Cmp,Yds,TD,Int,2Pt,Att,Yds,TD,2Pt,Rec,Yds,TD,2Pt,FL,TD,,,
Aaron RodgersA. Rodgers,8,475.0,502,343,4643,45,6,0,60,257,3,0,0,0,0,0,0,0,aaron-rodgers-rodgeaa01,QB,2011
Drew BreesD. Brees,11,473.0,657,468,5476,46,14,2,21,86,1,0,0,0,0,0,1,0,drew-brees-breesdr01,QB,2011
Tom BradyT. Brady,7,432.0,611,401,5235,39,12,0,43,109,3,0,0,0,0,0,2,0,tom-brady-bradyto01,QB,2011
Matthew StaffordM. Stafford,9,416.0,663,421,5038,41,16,2,22,78,0,0,0,0,0,0,1,0,matthew-stafford-staffma01,QB,2011
Cam NewtonC. Newton,9,397.0,517,310,4051,21,17,2,126,706,14,0,1,27,0,0,2,0,cam-newton-newtoca02,QB,2011
Eli ManningE. Manning,7,335.0,589,359,4933,29,16,0,35,15,1,0,0,0,0,0,4,0,eli-manning-manniel01,QB,2011
Tony RomoT. Romo,5,330.0,522,346,4184,31,10,0,22,46,1,0,0,0,0,0,3,0,tony-romo-romoto01,QB,2011
Matt RyanM. Ryan,8,321.0,566,347,4177,29,12,0,37,84,2,0,0,0,0,0,3,0,matt-ryan-ryanma01,QB,2011
Philip RiversP. Rivers,6,305.0,582,366,4624,27,20,1,26,36,1,0,0,0,0,0,5,0,philip-rivers-riverph01,QB,2011
Mark SanchezM. Sanchez,8,287.0,543,308,3474,26,18,0,37,103,6,0,0,0,0,0,8,0,mark-sanchez-sanchma01,QB,2011
Michael VickM. Vick,7,262.0,423,253,3303,18,14,0,76,589,1,0,0,0,0,0,4,0,michael-vick-vickmi01,QB,2011
Ryan FitzpatrickR. Fitzpatrick,7,257.0,569,353,3832,24,23,0,56,215,0,1,0,0,0,0,2,0,ryan-fitzpatrick-fitzpry01,QB,2011
Ben RoethlisbergerB. Roethlisberger,11,253.0,513,324,4077,21,14,0,31,70,0,0,0,0,0,0,5,0,ben-roethlisberger-roethbe01,QB,2011
Joe FlaccoJ. Flacco,5,242.0,542,312,3610,20,12,0,39,88,1,0,1,-8,0,0,6,0,joe-flacco-flaccjo01,QB,2011
Andy DaltonA. Dalton,7,237.0,516,300,3398,20,13,0,37,152,1,0,0,0,0,0,2,0,andy-dalton-daltoan02,QB,2011
Alex SmithA. Smith,7,237.0,445,273,3144,17,5,1,52,179,2,0,0,0,0,0,2,0,alex-smith-smithal04,QB,2011
Josh FreemanJ. Freeman,8,227.0,551,346,3592,16,22,2,55,238,4,0,0,-4,0,0,5,0,josh-freeman-freemjo01,QB,2011
Tim TebowT. Tebow,6,216.0,271,126,1729,12,6,0,122,660,6,2,0,0,0,0,6,0,tim-tebow-tebowti01,QB,2011
Matt HasselbeckM. Hasselbeck,6,215.0,518,319,3571,18,14,0,20,52,0,0,0,0,0,0,1,0,matt-hasselbeck-hassema01,QB,2011
Matt MooreM. Moore,5,183.0,347,210,2497,16,9,0,32,65,2,0,0,0,0,0,6,0,matt-moore-moorema07,QB,2011
Matt SchaubM. Schaub,11,182.0,292,178,2479,15,6,0,15,9,2,0,0,0,0,0,1,0,matt-schaub-schauma01,QB,2011
Colt McCoyC. McCoy,5,180.0,463,265,2733,14,11,0,61,212,0,0,1,-5,0,0,2,0,colt-mccoy-mccoyco01,QB,2011
Tarvaris JacksonT. Jackson,6,179.0,450,271,3091,14,13,0,40,108,1,0,0,0,0,0,5,0,tarvaris-jackson-jacksta01,QB,2011
Rex GrossmanR. Grossman,5,178.0,458,265,3151,16,20,0,20,11,1,0,0,0,0,0,5,0,rex-grossman-grossre01,QB,2011
Jay CutlerJ. Cutler,8,159.0,314,182,2319,13,7,0,18,55,1,0,0,0,0,0,3,0,jay-cutler-cutleja01,QB,2011
Carson PalmerC. Palmer,8,156.0,328,199,2753,13,16,0,16,20,1,0,0,0,0,0,1,0,carson-palmer-palmeca01,QB,2011
Christian PonderC. Ponder,9,136.0,291,158,1853,13,13,0,28,219,0,0,0,0,0,0,2,0,christian-ponder-pondech01,QB,2011
Blaine GabbertB. Gabbert,9,130.0,413,210,2214,12,11,0,48,98,0,0,0,0,0,0,5,0,blaine-gabbert-gabbebl01,QB,2011
John SkeltonJ. Skelton,6,116.0,275,151,1913,11,14,0,28,128,0,0,0,0,0,0,1,0,john-skelton-skeltjo01,QB,2011
Kevin KolbK. Kolb,6,115.0,253,146,1955,9,8,0,17,65,0,0,0,0,0,0,3,0,kevin-kolb-kolbke01,QB,2011
Matt CasselM. Cassel,6,114.0,269,160,1713,10,9,0,25,99,0,0,1,-4,0,0,2,0,matt-cassel-cassema01,QB,2011
Sam BradfordS. Bradford,5,103.0,357,191,2164,6,6,0,18,26,0,0,0,0,0,0,7,0,sam-bradford-bradfsa01,QB,2011
Kyle OrtonK. Orton,6,101.0,252,150,1758,9,9,0,11,13,0,0,0,0,0,0,2,0,kyle-orton-ortonky01,QB,2011
Jason CampbellJ. Campbell,8,87.0,165,100,1170,6,4,0,18,60,2,0,0,0,0,0,1,0,jason-campbell-campbja02,QB,2011
Curtis PainterC. Painter,11,82.0,243,132,1541,6,9,0,17,107,0,0,0,0,0,0,3,0,curtis-painter-paintcu01,QB,2011
Donovan McNabbD. McNabb,9,70.0,156,94,1026,4,2,0,14,59,1,0,0,0,0,0,0,0,donovan-mcnabb-mcnabdo01,QB,2011
Dan OrlovskyD. Orlovsky,11,69.0,193,122,1201,6,4,0,6,5,0,0,0,0,0,0,3,0,dan-orlovsky-orlovda01,QB,2011
Chad HenneC. Henne,5,64.0,112,64,868,4,4,0,15,112,1,0,0,0,0,0,0,0,chad-henne-hennech01,QB,2011
Matt FlynnM. Flynn,8,57.0,49,33,518,6,2,0,13,-6,1,0,0,0,0,0,1,0,matt-flynn-flynnma01,QB,2011
Jake LockerJ. Locker,6,54.0,66,34,542,4,0,0,8,56,1,0,0,0,0,0,0,0,jake-locker-lockeja02,QB,2011
John BeckJ. Beck,5,53.0,132,80,858,2,4,1,10,43,2,0,0,0,0,0,1,0,john-beck-beckjo02,QB,2011
Joe WebbJ. Webb,9,53.0,63,34,376,3,2,0,22,154,2,0,1,9,0,0,1,0,joe-webb-webbjo01,QB,2011
T.J. YatesT. Yates,11,49.0,134,82,949,3,3,0,14,57,0,0,0,0,0,0,3,0,tj-yates-yatestj01,QB,2011
Vince YoungV. Young,7,47.0,114,66,866,4,9,0,18,79,0,0,0,0,0,0,0,0,vince-young-youngvi01,QB,2011
Kellen ClemensK. Clemens,5,39.0,91,48,546,2,1,0,6,37,1,0,0,0,0,0,0,0,kellen-clemens-clemeke01,QB,2011
Seneca WallaceS. Wallace,5,37.0,107,55,567,2,2,0,7,70,0,0,1,21,0,0,1,0,seneca-wallace-wallase01,QB,2011
Caleb HanieC. Hanie,8,32.0,102,51,613,3,9,0,13,98,0,0,0,0,0,0,0,0,caleb-hanie-hanieca01,QB,2011
Josh McCownJ. McCown,7,27.0,55,35,414,2,4,0,12,68,0,1,0,0,0,0,0,0,josh-mccown-mccowjo01,QB,2011
Tyler PalkoT. Palko,6,27.0,134,80,796,2,7,0,5,15,0,0,0,0,0,0,1,0,tyler-palko-palkoty01,QB,2011
Kerry CollinsK. Collins,11,24.0,98,48,481,2,1,0,2,-1,0,0,0,0,0,0,3,0,kerry-collins-collike01,QB,2011
A.J. FeeleyA. Feeley,5,20.0,97,53,548,1,2,0,3,4,0,0,0,0,0,0,2,0,aj-feeley-feeleaj01,QB,2011
Stephen McGeeS. McGee,5,15.0,38,24,182,1,0,0,4,28,0,0,0,0,0,0,0,0,stephen-mcgee-mcgeest01,QB,2011
Josh JohnsonJ. Johnson,8,14.0,36,19,246,1,2,0,11,67,0,0,0,0,0,0,1,0,josh-johnson-johnsjo14,QB,2011
Jake DelhommeJ. Delhomme,11,13.0,28,18,211,1,0,0,0,0,0,0,0,0,0,0,1,0,jake-delhomme-delhoja01,QB,2011
Charlie WhitehurstC. Whitehurst,6,13.0,56,27,298,1,1,0,4,13,0,0,0,0,0,0,1,0,charlie-whitehurst-whitech06,QB,2011
Matt LeinartM. Leinart,11,8.0,13,10,57,1,0,0,1,-1,0,0,0,0,0,0,0,0,matt-leinart-leinama01,QB,2011
Bruce GradkowskiB. Gradkowski,7,7.0,18,8,109,1,1,0,3,1,0,0,0,0,0,0,0,0,bruce-gradkowski-gradkbr01,QB,2011
Richard BartelR. Bartel,6,6.0,22,10,86,1,1,0,1,9,0,0,0,0,0,0,0,0,richard-bartel-barteri01,QB,2011
Charlie BatchC. Batch,11,6.0,24,15,208,0,1,0,3,-2,0,0,0,0,0,0,0,0,charlie-batch-batchch01,QB,2011
Jon KitnaJ. Kitna,5,5.0,10,6,87,1,2,0,3,-2,0,0,0,0,0,0,0,0,jon-kitna-kitnajo01,QB,2011
Chris RedmanC. Redman,8,4.0,28,18,188,0,1,0,5,-6,0,0,0,0,0,0,0,0,chris-redman-redmach01,QB,2011
Luke McCownL. McCown,9,3.0,56,30,296,0,4,0,7,23,0,0,0,0,0,0,1,0,luke-mccown-mccowlu01,QB,2011
Kyle BollerK. Boller,8,2.0,28,15,161,0,3,0,9,38,0,0,0,0,0,0,0,0,kyle-boller-bolleky01,QB,2011
J.P. LosmanJ. Losman,5,2.0,10,6,60,0,0,0,2,1,0,0,0,0,0,0,0,0,jp-losman-losmajp01,QB,2011
Mark BrunellM. Brunell,8,1.0,3,1,27,0,0,0,0,0,0,0,0,0,0,0,0,0,mark-brunell-brunema01,QB,2011
Shaun HillS. Hill,9,1.0,3,2,33,0,0,0,1,-1,0,0,0,0,0,0,0,0,shaun-hill-hillsh01,QB,2011
Colin KaepernickC. Kaepernick,7,1.0,5,3,35,0,0,0,2,-2,0,0,0,0,0,0,0,0,colin-kaepernick-kaepeco01,QB,2011
Derek AndersonD. Anderson,9,0.0,0,0,0,0,0,0,2,-2,0,0,0,0,0,0,0,0,derek-anderson-anderde01,QB,2011
Tom BrandstaterT. Brandstater,5,0.0,2,0,0,0,0,0,0,0,0,0,0,0,0,0,0,0,tom-brandstater-brandto01,QB,2011
Chase DanielC. Daniel,11,0.0,5,4,29,0,0,0,3,-3,0,0,0,0,0,0,0,0,chase-daniel-daniech01,QB,2011
Brian HoyerB. Hoyer,7,0.0,1,1,22,0,0,0,4,-3,0,0,0,0,0,0,0,0,brian-hoyer-hoyerbr01,QB,2011
Tyrod TaylorT. Taylor,5,0.0,1,1,18,0,0,0,1,2,0,0,0,0,0,0,0,0,tyrod-taylor-tayloty02,QB,2011
Billy VolekB. Volek,6,0.0,0,0,0,0,0,0,5,-5,0,0,0,0,0,0,0,0,billy-volek-volekbi01,QB,2011
Mike KafkaM. Kafka,7,-1.0,16,11,107,0,2,0,3,0,0,0,0,0,0,0,0,0,mike-kafka-kafkami01,QB,2011
Tyler ThigpenT. Thigpen,7,-2.0,8,3,25,0,1,0,1,8,0,0,0,0,0,0,0,0,tyler-thigpen-thigpty01,QB,2011
Ray RiceR. Rice,5,363.0,1,1,1,1,0,0,291,1364,12,0,76,704,3,0,2,0,ray-rice-ricera01,RB,2011
LeSean McCoyL. McCoy,7,319.0,0,0,0,0,0,0,273,1309,17,0,48,315,3,0,1,0,lesean-mccoy-mccoyle02,RB,2011
Arian FosterA. Foster,11,294.0,0,0,0,0,0,0,278,1224,10,0,53,617,2,0,3,0,arian-foster-fostear01,RB,2011
Maurice Jones-DrewM. Jones-Drew,9,293.0,0,0,0,0,0,0,343,1606,8,0,43,374,3,0,1,0,maurice-jonesdrew-drewma01,RB,2011
Darren SprolesD. Sproles,11,256.0,0,0,0,0,0,0,87,603,2,0,86,710,7,0,0,0,darren-sproles-sprolda01,RB,2011
Marshawn LynchM. Lynch,6,233.0,2,0,0,0,0,0,285,1204,12,0,28,212,1,0,2,0,marshawn-lynch-lynchma01,RB,2011
Ryan MathewsR. Mathews,6,225.0,0,0,0,0,0,0,222,1091,6,0,50,455,0,0,2,0,ryan-mathews-mathery01,RB,2011
Michael TurnerM. Turner,8,222.0,0,0,0,0,0,0,301,1340,11,0,17,168,0,0,2,0,michael-turner-turnemi02,RB,2011
Chris JohnsonC. Johnson,6,215.0,0,0,0,0,0,0,262,1047,4,0,57,418,0,0,1,0,chris-johnson-johnsch19,RB,2011
Steven JacksonS. Jackson,5,213.0,0,0,0,0,0,0,260,1145,5,0,42,333,1,0,1,0,steven-jackson-jacksst03,RB,2011
Matt ForteM. Forte,8,211.0,1,0,0,0,0,0,203,997,3,0,52,490,1,0,2,0,matt-forte-fortema01,RB,2011
Reggie BushR. Bush,5,210.0,0,0,0,0,0,0,216,1086,6,0,43,296,1,0,2,0,reggie-bush-bushre01,RB,2011
Michael BushM. Bush,8,208.0,0,0,0,0,0,0,256,977,7,0,37,418,1,0,1,0,michael-bush-bushmi01,RB,2011
Fred JacksonF. Jackson,7,203.0,0,0,0,0,0,0,170,934,6,0,39,442,0,0,2,0,fred-jackson-jacksfr03,RB,2011
Adrian PetersonA. Peterson,9,199.0,0,0,0,0,0,0,208,970,12,0,18,139,1,0,0,0,adrian-peterson-peterad02,RB,2011
Mike TolbertM. Tolbert,6,192.0,0,0,0,0,0,0,121,490,8,0,54,433,2,0,1,0,mike-tolbert-tolbemi02,RB,2011
Ahmad BradshawA. Bradshaw,7,181.0,0,0,0,0,0,0,171,659,9,1,34,267,2,0,1,0,ahmad-bradshaw-bradsah01,RB,2011
Frank GoreF. Gore,7,181.0,0,0,0,0,0,0,282,1211,8,0,17,114,0,0,2,0,frank-gore-gorefr01,RB,2011
Jonathan StewartJ. Stewart,9,180.0,0,0,0,0,0,0,142,761,4,0,47,413,1,0,0,0,jonathan-stewart-stewajo02,RB,2011
Shonn GreeneS. Greene,8,178.0,0,0,0,0,0,0,253,1054,6,0,30,211,0,0,0,0,shonn-greene-greensh01,RB,2011
Beanie WellsB. Wells,6,171.0,0,0,0,0,0,0,245,1047,10,0,10,52,0,0,2,0,beanie-wells-wellsch01,RB,2011
Pierre ThomasP. Thomas,11,170.0,0,0,0,0,0,0,110,562,5,0,50,425,1,0,1,0,pierre-thomas-thomapi01,RB,2011
Rashard MendenhallR. Mendenhall,11,168.0,0,0,0,0,0,0,228,928,9,0,18,154,0,0,1,0,rashard-mendenhall-mendera01,RB,2011
Willis McGaheeW. McGahee,6,159.0,0,0,0,0,0,0,249,1199,4,1,12,51,1,0,3,0,willis-mcgahee-mcgahwi01,RB,2011
Roy HeluR. Helu,5,156.0,0,0,0,0,0,0,151,640,2,0,49,379,1,0,2,0,roy-helu-heluro01,RB,2011
Cedric BensonC. Benson,7,154.0,0,0,0,0,0,0,273,1067,6,0,15,82,0,0,2,0,cedric-benson-bensoce01,RB,2011
BenJarvus Green-EllisB. Green-Ellis,7,147.0,0,0,0,0,0,0,181,667,11,0,9,159,0,0,0,0,benjarvus-greenellis-greenbe02,RB,2011
C.J. SpillerC. Spiller,7,147.0,0,0,0,0,0,0,107,561,4,0,39,269,2,0,0,0,cj-spiller-spillcj02,RB,2011
DeAngelo WilliamsD. Williams,9,144.0,0,0,0,0,0,0,155,836,7,0,16,135,0,0,0,0,deangelo-williams-willide07,RB,2011
DeMarco MurrayD. Murray,5,137.0,0,0,0,0,0,0,164,897,2,0,26,183,0,0,0,0,demarco-murray-murrade01,RB,2011
Ben TateB. Tate,11,131.0,0,0,0,0,0,0,175,942,4,0,13,98,0,0,3,0,ben-tate-tatebe02,RB,2011
LeGarrette BlountL. Blount,8,126.0,0,0,0,0,0,0,184,781,5,0,15,148,0,0,3,0,legarrette-blount-blounle01,RB,2011
Brandon JacobsB. Jacobs,7,126.0,0,0,0,0,0,0,152,571,7,1,15,128,1,0,0,0,brandon-jacobs-jacobbr01,RB,2011
Darren McFaddenD. McFadden,8,120.0,0,0,0,0,0,0,113,614,4,0,19,154,1,0,1,0,darren-mcfadden-mcfadda01,RB,2011
LaDainian TomlinsonL. Tomlinson,8,120.0,0,0,0,0,0,0,75,280,1,0,42,449,2,0,0,0,ladainian-tomlinson-tomlila01,RB,2011
Donald BrownD. Brown,11,112.0,0,0,0,0,0,0,134,645,5,0,16,86,0,0,0,0,donald-brown-browndo06,RB,2011
Kevin SmithK. Smith,9,111.0,0,0,0,0,0,0,72,356,4,0,22,179,3,0,1,0,kevin-smith-smithke12,RB,2011
Jahvid BestJ. Best,9,107.0,0,0,0,0,0,0,84,390,2,0,27,287,1,0,0,0,jahvid-best-bestja01,RB,2011
Toby GerhartT. Gerhart,9,107.0,0,0,0,0,0,0,109,531,1,0,23,190,3,0,0,0,toby-gerhart-gerhato02,RB,2011
Ryan GrantR. Grant,8,106.0,0,0,0,0,0,0,134,559,2,0,19,268,1,0,1,0,ryan-grant-grantry01,RB,2011
Felix JonesF. Jones,5,106.0,0,0,0,0,0,0,127,575,1,0,33,221,0,0,2,0,felix-jones-jonesfe01,RB,2011
Peyton HillisP. Hillis,5,105.0,0,0,0,0,0,0,161,587,3,0,22,130,0,0,1,0,peyton-hillis-hillipe01,RB,2011
James StarksJ. Starks,8,101.0,0,0,0,0,0,0,133,578,1,0,29,216,0,0,1,0,james-starks-starkja02,RB,2011
Mark IngramM. Ingram,11,87.0,0,0,0,0,0,0,122,474,5,0,11,46,0,0,1,0,mark-ingram-ingrama02,RB,2011
Kendall HunterK. Hunter,7,85.0,0,0,0,0,0,0,112,473,2,0,16,195,0,0,0,0,kendall-hunter-hunteke01,RB,2011
Maurice MorrisM. Morris,9,82.0,0,0,0,0,0,0,80,316,1,0,26,230,1,0,0,0,maurice-morris-morrima01,RB,2011
Marion BarberM. Barber,8,80.0,0,0,0,0,0,0,114,422,6,0,5,50,0,0,1,0,marion-barber-barbema02,RB,2011
Isaac RedmanI. Redman,11,80.0,0,0,0,0,0,0,110,479,3,0,18,78,0,0,2,0,isaac-redman-redmais01,RB,2011
Jackie BattleJ. Battle,6,79.0,0,0,0,0,0,0,149,597,2,0,9,68,0,0,0,0,jackie-battle-battlja01,RB,2011
Daniel ThomasD. Thomas,5,75.0,0,0,0,0,0,0,165,581,0,0,12,72,1,0,1,0,daniel-thomas-thomada05,RB,2011
Marcel ReeceM. Reece,8,73.0,0,0,0,0,0,0,17,112,0,0,27,301,2,0,1,0,marcel-reece-reecema01,RB,2011
Kregg LumpkinK. Lumpkin,8,71.0,0,0,0,0,0,0,31,105,0,0,41,291,0,0,0,0,kregg-lumpkin-lumpkkr01,RB,2011
Lance BallL. Ball,6,70.0,0,0,0,0,0,0,96,402,1,0,16,148,1,0,2,0,lance-ball-ballla03,RB,2011
Chris OgbonnayaC. Ogbonnaya,5,70.0,0,0,0,0,0,0,76,340,1,0,23,165,0,0,1,0,chris-ogbonnaya-ogbonch01,RB,2011
Danny WoodheadD. Woodhead,7,70.0,0,0,0,0,0,0,77,351,1,2,18,157,0,0,0,0,danny-woodhead-woodhda01,RB,2011
Kahlil BellK. Bell,8,67.0,0,0,0,0,0,0,79,337,0,0,19,133,1,0,1,0,kahlil-bell-bellka03,RB,2011
Javon RingerJ. Ringer,6,65.0,0,0,0,0,0,0,59,185,1,0,28,187,0,0,1,0,javon-ringer-ringeja01,RB,2011
Bernard ScottB. Scott,7,65.0,1,0,0,0,0,0,112,380,3,0,13,38,0,0,0,0,bernard-scott-scottbe02,RB,2011
Ricky WilliamsR. Williams,5,65.0,0,0,0,0,0,0,108,444,2,0,13,83,0,0,2,0,ricky-williams-williri01,RB,2011
Joseph AddaiJ. Addai,11,62.0,0,0,0,0,0,0,118,433,1,0,15,93,0,0,0,0,joseph-addai-addaijo01,RB,2011
Jacquizz RodgersJ. Rodgers,8,59.0,0,0,0,0,0,0,57,205,1,0,21,188,1,0,1,0,jacquizz-rodgers-rodgeja01,RB,2011
Earnest GrahamE. Graham,8,58.0,0,0,0,0,0,0,37,206,0,0,26,163,0,0,0,0,earnest-graham-grahaea01,RB,2011
Tim HightowerT. Hightower,5,58.0,0,0,0,0,0,0,84,321,1,0,10,78,1,0,0,0,tim-hightower-hightti01,RB,2011
John KuhnJ. Kuhn,8,58.0,0,0,0,0,0,0,30,78,4,0,15,77,2,0,0,0,john-kuhn-kuhnjo01,RB,2011
Jason SnellingJ. Snelling,8,56.0,0,0,0,0,0,0,44,151,0,0,26,179,1,0,0,0,jason-snelling-snellja01,RB,2011
LaRod Stephens-HowlingL. Stephens-Howling,6,56.0,0,0,0,0,0,0,43,167,0,0,13,234,2,0,0,0,larod-stephenshowling-stephla02,RB,2011
Carnell WilliamsC. Williams,5,56.0,0,0,0,0,0,0,87,361,1,0,14,93,0,0,1,0,carnell-williams-willica03,RB,2011
D.J. WareD. Ware,7,55.0,0,0,0,0,0,0,46,163,0,2,27,170,0,0,0,0,dj-ware-wareda02,RB,2011
James CaseyJ. Casey,11,48.0,0,0,0,0,0,0,1,11,0,0,18,260,1,0,0,0,james-casey-caseyja01,RB,2011
Justin ForsettJ. Forsett,6,48.0,0,0,0,0,0,0,46,145,1,0,23,128,0,0,0,0,justin-forsett-forseju01,RB,2011
Thomas JonesT. Jones,6,48.0,0,0,0,0,0,0,153,478,0,0,5,43,0,0,0,0,thomas-jones-jonesth01,RB,2011
Stevan RidleyS. Ridley,7,48.0,0,0,0,0,0,0,87,441,1,0,3,13,0,0,0,0,stevan-ridley-ridlest01,RB,2011
Delone CarterD. Carter,11,46.0,0,0,0,0,0,0,101,377,2,0,5,18,0,0,3,0,delone-carter-cartede02,RB,2011
Montario HardestyM. Hardesty,5,45.0,0,0,0,0,0,0,88,266,0,0,14,122,0,0,0,0,montario-hardesty-hardemo01,RB,2011
Evan RoysterE. Royster,5,45.0,0,0,0,0,0,0,56,328,0,0,9,68,0,0,0,0,evan-royster-roystev01,RB,2011
Tashard ChoiceT. Choice,7,42.0,0,0,0,0,0,0,57,152,1,0,19,124,0,0,2,0,tashard-choice-choicta01,RB,2011
Brian LeonardB. Leonard,7,42.0,0,0,0,0,0,0,17,85,0,0,22,210,0,0,0,0,brian-leonard-leonabr01,RB,2011
Chris IvoryC. Ivory,11,40.0,0,0,0,0,0,0,79,374,1,0,0,0,0,0,0,0,chris-ivory-ivorych01,RB,2011
Knowshon MorenoK. Moreno,6,39.0,0,0,0,0,0,0,37,179,0,0,11,101,1,0,1,0,knowshon-moreno-morenkn01,RB,2011
Jed CollinsJ. Collins,11,38.0,0,0,0,0,0,0,4,4,2,0,11,50,2,0,0,0,jed-collins-collije03,RB,2011
Keiland WilliamsK. Williams,5,38.0,0,0,0,0,0,0,58,195,2,0,8,62,0,0,1,0,keiland-williams-willike16,RB,2011
Leon WashingtonL. Washington,6,35.0,0,0,0,0,0,0,53,248,1,0,10,48,0,0,0,0,leon-washington-washile01,RB,2011
Darrel YoungD. Young,5,35.0,0,0,0,0,0,0,6,33,1,0,15,146,0,0,0,0,darrel-young-youngda04,RB,2011
Le'Ron McClainL. McClain,6,34.0,0,0,0,0,0,0,15,51,1,0,14,82,1,0,0,0,leron-mcclain-mcclale01,RB,2011
Joe McKnightJ. McKnight,8,33.0,0,0,0,0,0,0,43,134,0,0,13,139,0,0,2,0,joe-mcknight-mcknijo01,RB,2011
Mewelde MooreM. Moore,11,33.0,0,0,0,0,0,0,22,157,0,0,11,104,1,0,2,0,mewelde-moore-mooreme01,RB,2011
Deji KarimD. Karim,9,31.0,0,0,0,0,0,0,63,130,0,0,14,120,0,0,0,0,deji-karim-karimde01,RB,2011
Chester TaylorC. Taylor,6,30.0,0,0,0,0,0,0,20,77,1,0,14,91,0,0,0,0,chester-taylor-tayloch01,RB,2011
Ryan TorainR. Torain,5,30.0,0,0,0,0,0,0,59,200,1,0,6,23,0,0,0,0,ryan-torain-torairy01,RB,2011
Curtis BrinkleyC. Brinkley,6,27.0,0,0,0,0,0,0,30,101,1,0,7,41,0,1,0,0,curtis-brinkley-brinkcu01,RB,2011
Jacob HesterJ. Hester,6,25.0,0,0,0,0,0,0,28,90,0,0,12,48,1,0,0,0,jacob-hester-hesteja01,RB,2011
Derrick WardD. Ward,11,25.0,0,0,0,0,0,0,45,154,2,0,0,0,0,0,0,0,derrick-ward-wardde02,RB,2011
Bruce MillerB. Miller,7,23.0,0,0,0,0,0,0,4,8,0,0,11,83,1,0,0,0,bruce-miller-millebr08,RB,2011
David JohnsonD. Johnson,11,22.0,0,0,0,0,0,0,0,0,0,0,12,91,1,0,0,0,david-johnson-johnsda10,RB,2011
Bear PascoeB. Pascoe,7,22.0,0,0,0,0,0,0,0,0,0,0,12,136,0,0,0,0,bear-pascoe-pascobe01,RB,2011
Vonta LeachV. Leach,5,21.0,0,0,0,0,0,0,12,35,0,0,15,69,0,0,0,0,vonta-leach-leachvo01,RB,2011
Anthony DixonA. Dixon,7,20.0,0,0,0,0,0,0,29,87,2,0,1,6,0,0,0,0,anthony-dixon-dixonan03,RB,2011
Mossis MaduM. Madu,8,19.0,0,0,0,0,0,0,15,55,0,0,10,72,0,0,0,0,mossis-madu-madumo01,RB,2011
Michael RobinsonM. Robinson,6,19.0,0,0,0,0,0,0,4,7,0,0,9,74,1,0,1,0,michael-robinson-robinmi03,RB,2011
Alfonso SmithA. Smith,6,19.0,0,0,0,0,0,0,30,102,1,0,3,21,0,0,0,0,alfonso-smith-smithal10,RB,2011
Henry HynoskiH. Hynoski,7,18.0,0,0,0,0,0,0,0,0,0,0,12,83,0,0,0,0,henry-hynoski-hynoshe02,RB,2011
Ovie MughelliO. Mughelli,8,18.0,0,0,0,0,0,0,2,1,0,0,4,25,2,0,0,0,ovie-mughelli-mugheov01,RB,2011
Brandon SaineB. Saine,8,18.0,0,0,0,0,0,0,18,69,0,0,10,69,0,0,0,0,brandon-saine-sainebr01,RB,2011
Jamaal CharlesJ. Charles,6,17.0,0,0,0,0,0,0,12,83,0,0,5,9,1,0,1,0,jamaal-charles-charlja01,RB,2011
Jeremiah JohnsonJ. Johnson,6,17.0,0,0,0,0,0,0,14,77,0,0,7,62,0,0,0,0,jeremiah-johnson-johnsje08,RB,2011
Lex HilliardL. Hilliard,5,16.0,0,0,0,0,0,0,16,41,1,0,5,49,0,0,0,0,lex-hilliard-hillile01,RB,2011
Lorenzo BookerL. Booker,9,15.0,0,0,0,0,0,0,13,52,0,0,8,82,0,0,2,0,lorenzo-booker-bookelo01,RB,2011
Spencer LarsenS. Larsen,6,15.0,0,0,0,0,0,0,14,44,0,0,9,76,0,0,0,0,spencer-larsen-larsesp01,RB,2011
Steve SlatonS. Slaton,5,15.0,0,0,0,0,0,0,24,84,1,0,3,3,0,0,0,0,steve-slaton-slatost01,RB,2011
Phillip TannerP. Tanner,5,15.0,0,0,0,0,0,0,22,76,1,0,2,19,0,0,0,0,phillip-tanner-tanneph01,RB,2011
Kevin FaulkK. Faulk,7,14.0,0,0,0,0,0,0,17,57,0,0,7,34,0,0,0,0,kevin-faulk-faulkke01,RB,2011
Dion LewisD. Lewis,7,14.0,0,0,0,0,0,0,23,102,1,0,1,-3,0,0,1,0,dion-lewis-lewisdi01,RB,2011
Sammy MorrisS. Morris,7,14.0,0,0,0,0,0,0,28,98,0,0,5,13,0,0,0,0,sammy-morris-morrisa01,RB,2011
Ronnie BrownR. Brown,7,13.0,0,0,0,0,0,0,42,136,1,0,0,0,0,0,1,0,ronnie-brown-brownro11,RB,2011
Jamie HarperJ. Harper,6,13.0,0,0,0,0,0,0,17,44,1,0,4,32,0,0,1,0,jamie-harper-harpeja03,RB,2011
Ahmard HallA. Hall,6,12.0,0,0,0,0,0,0,6,24,0,0,9,46,0,0,1,0,ahmard-hall-hallah01,RB,2011
Anthony ShermanA. Sherman,6,12.0,0,0,0,0,0,0,1,3,0,0,8,72,0,0,0,0,anthony-sherman-sherman01,RB,2011
Jonathan DwyerJ. Dwyer,11,11.0,0,0,0,0,0,0,16,123,0,0,1,6,0,0,0,0,jonathan-dwyer-dwyerjo01,RB,2011
Greg JonesG. Jones,9,11.0,0,0,0,0,0,0,2,7,1,0,4,19,0,0,0,0,greg-jones-jonesgr03,RB,2011
Josh BakerJ. Baker,8,10.0,0,0,0,0,0,0,0,0,0,0,3,27,1,0,0,0,josh-baker-bakerjo08,RB,2011
John ClayJ. Clay,11,10.0,0,0,0,0,0,0,10,41,1,0,0,0,0,0,0,0,john-clay-clayjo02,RB,2011
Tyler CluttsT. Clutts,8,10.0,0,0,0,0,0,0,0,0,0,0,8,48,0,0,0,0,tyler-clutts-cluttty01,RB,2011
Erik LorigE. Lorig,8,10.0,0,0,0,0,0,0,0,0,0,0,6,53,0,0,0,0,erik-lorig-loriger01,RB,2011
Shane VereenS. Vereen,7,10.0,0,0,0,0,0,0,15,57,1,0,0,0,0,0,0,0,shane-vereen-vereesh01,RB,2011
John ConnerJ. Conner,8,9.0,0,0,0,0,0,0,13,44,1,0,2,9,0,0,0,0,john-conner-connojo01,RB,2011
Taiwan JonesT. Jones,8,9.0,0,0,0,0,0,0,16,73,0,0,2,25,0,0,0,0,taiwan-jones-jonesta01,RB,2011
Rock CartwrightR. Cartwright,8,8.0,0,0,0,0,0,0,4,45,0,0,4,24,0,0,0,0,rock-cartwright-cartwro01,RB,2011
Owen MarecicO. Marecic,5,7.0,0,0,0,0,0,0,4,8,0,0,5,31,0,0,0,0,owen-marecic-marecow01,RB,2011
Brit MillerB. Miller,5,7.0,0,0,0,0,0,0,5,14,0,0,3,41,0,0,0,0,brit-miller-millebr07,RB,2011
Tony FiammettaT. Fiammetta,5,6.0,0,0,0,0,0,0,4,4,0,0,3,39,0,0,0,0,tony-fiammetta-fiammto01,RB,2011
Lawrence VickersL. Vickers,11,6.0,0,0,0,0,0,0,1,0,0,0,4,29,0,0,0,0,lawrence-vickers-vickela01,RB,2011
Jerome FeltonJ. Felton,11,5.0,0,0,0,0,0,0,3,10,0,0,4,40,0,0,0,0,jerome-felton-feltoje01,RB,2011
Quinn JohnsonQ. Johnson,8,5.0,0,0,0,0,0,0,0,0,0,0,3,30,0,0,0,0,quinn-johnson-johnsqu01,RB,2011
Montell OwensM. Owens,9,5.0,0,0,0,0,0,0,10,39,0,0,2,2,0,0,0,0,montell-owens-owensmo02,RB,2011
Owen SchmittO. Schmitt,7,5.0,0,0,0,0,0,0,4,6,0,0,3,32,0,0,0,0,owen-schmitt-schmiow01,RB,2011
Manase TongaM. Tonga,8,5.0,0,0,0,0,0,0,1,12,0,0,3,18,0,0,0,0,manase-tonga-tongama01,RB,2011
Armando AllenA. Allen,8,4.0,0,0,0,0,0,0,15,48,0,0,0,0,0,0,0,0,armando-allen-allenar02,RB,2011
DuJuan HarrisD. Harris,9,4.0,0,0,0,0,0,0,9,42,0,0,1,4,0,0,0,0,dujuan-harris-harridu03,RB,2011
Chris PressleyC. Pressley,7,4.0,0,0,0,0,0,0,0,0,0,0,3,19,0,0,0,0,chris-pressley-pressch01,RB,2011
Brock BolenB. Bolen,9,3.0,0,0,0,0,0,0,2,14,0,0,2,6,0,0,0,0,brock-bolen-bolenbr01,RB,2011
Jerome HarrisonJ. Harrison,9,3.0,0,0,0,0,0,0,14,41,0,0,1,3,0,0,0,0,jerome-harrison-harrije02,RB,2011
Bilal PowellB. Powell,8,3.0,0,0,0,0,0,0,13,21,0,0,1,7,0,0,0,0,bilal-powell-powelbi01,RB,2011
Chauncey WashingtonC. Washington,5,3.0,0,0,0,0,0,0,1,-1,0,0,2,13,0,0,0,0,chauncey-washington-washich04,RB,2011
Johnny WhiteJ. White,7,3.0,0,0,0,0,0,0,12,38,0,0,1,-3,0,0,0,0,johnny-white-whitejo04,RB,2011
Thomas ClaytonT. Clayton,5,2.0,0,0,0,0,0,0,8,12,0,0,1,3,0,0,0,0,thomas-clayton-claytth01,RB,2011
Mike CoxM. Cox,6,2.0,0,0,0,0,0,0,0,0,0,0,2,8,0,0,0,0,mike-cox-coxmi01,RB,2011
Ryan D'ImperioR. D'Imperio,9,2.0,0,0,0,0,0,0,0,0,0,0,2,7,0,0,0,0,ryan-dimperio-dimpery01,RB,2011
Alexander GreenA. Green,8,2.0,0,0,0,0,0,0,3,11,0,0,1,6,0,0,0,0,alexander-green-greenal05,RB,2011
Reagan Maui'aR. Maui'a,6,2.0,0,0,0,0,0,0,0,0,0,0,1,12,0,0,0,0,reagan-mauia-mauiare01,RB,2011
Jerious NorwoodJ. Norwood,5,2.0,1,0,0,0,1,0,24,61,0,0,0,0,0,0,0,0,jerious-norwood-norwoje01,RB,2011
Da'Rel ScottD. Scott,7,2.0,0,0,0,0,0,0,5,16,0,0,2,13,0,0,1,0,darel-scott-scottda06,RB,2011
Mike SellersM. Sellers,5,2.0,0,0,0,0,0,0,0,0,0,0,1,15,0,0,0,0,mike-sellers-sellemi01,RB,2011
Josh VaughanJ. Vaughan,9,2.0,0,0,0,0,0,0,7,24,0,0,0,0,0,0,0,0,josh-vaughan-vaughjo03,RB,2011
Eddie WilliamsE. Williams,5,2.0,0,0,0,0,0,0,2,2,0,0,1,17,0,0,0,0,eddie-williams-willied05,RB,2011
Aaron BrownA. Brown,9,1.0,0,0,0,0,0,0,1,0,0,0,1,9,0,0,0,0,aaron-brown-brownaa04,RB,2011
Shaun ChapasS. Chapas,5,1.0,0,0,0,0,0,0,0,0,0,0,1,9,0,0,0,0,shaun-chapas-chapash01,RB,2011
Mike GoodsonM. Goodson,9,1.0,0,0,0,0,0,0,0,0,0,0,1,4,0,0,0,0,mike-goodson-goodsmi01,RB,2011
Stefan LoganS. Logan,9,1.0,0,0,0,0,0,0,9,32,0,0,1,19,0,0,2,0,stefan-logan-loganst01,RB,2011
Ryan MahaffeyR. Mahaffey,5,1.0,0,0,0,0,0,0,0,0,0,0,1,5,0,0,0,0,ryan-mahaffey-mahafry01,RB,2011
Corey McIntyreC. McIntyre,7,1.0,0,0,0,0,0,0,0,0,0,0,1,4,0,0,0,0,corey-mcintyre-mcintco01,RB,2011
Anthony AllenA. Allen,5,0.0,0,0,0,0,0,0,3,8,0,0,0,0,0,0,0,0,anthony-allen-allenan04,RB,2011
Larry JohnsonL. Johnson,5,0.0,0,0,0,0,0,0,1,2,0,0,0,0,0,0,0,0,larry-johnson-johnsla03,RB,2011
Cedric PeermanC. Peerman,7,0.0,0,0,0,0,0,0,3,15,0,0,0,0,0,0,0,0,cedric-peerman-peermce01,RB,2011
Armond SmithA. Smith,5,0.0,0,0,0,0,0,0,3,2,0,0,0,0,0,0,0,0,armond-smith-smithar04,RB,2011
Calvin JohnsonC. Johnson,9,351.0,0,0,0,0,0,0,1,11,0,0,96,1681,16,0,1,0,calvin-johnson-johnsca03,WR,2011
Wes WelkerW. Welker,7,328.0,0,0,0,0,0,0,4,30,0,0,122,1569,9,0,0,0,wes-welker-welkewe01,WR,2011
Victor CruzV. Cruz,7,281.0,0,0,0,0,0,0,1,3,0,0,82,1536,9,0,1,0,victor-cruz-cruzvi01,WR,2011
Jordy NelsonJ. Nelson,8,278.0,0,0,0,0,0,0,0,0,0,0,68,1263,15,0,0,0,jordy-nelson-nelsojo01,WR,2011
Roddy WhiteR. White,8,272.0,0,0,0,0,0,0,0,0,0,0,100,1296,8,0,0,0,roddy-white-whitesh03,WR,2011
Larry FitzgeraldL. Fitzgerald,6,261.0,0,0,0,0,0,0,0,0,0,0,80,1411,8,0,0,0,larry-fitzgerald-fitzgla01,WR,2011
Steve SmithS. Smith,9,256.0,0,0,0,0,0,0,6,56,0,0,79,1394,7,1,2,0,steve-smith-smithst01,WR,2011
Percy HarvinP. Harvin,9,248.0,0,0,0,0,0,0,52,345,2,0,87,967,6,0,2,0,percy-harvin-harvipe01,WR,2011
Marques ColstonM. Colston,11,235.0,0,0,0,0,0,0,0,0,0,0,80,1143,8,0,1,0,marques-colston-colstma01,WR,2011
Mike WallaceM. Wallace,11,235.0,0,0,0,0,0,0,5,57,0,0,72,1193,8,0,1,0,mike-wallace-wallami02,WR,2011
Brandon MarshallB. Marshall,5,231.0,0,0,0,0,0,0,1,13,0,0,81,1214,6,0,1,0,brandon-marshall-marshbr01,WR,2011
Hakeem NicksH. Nicks,7,230.0,0,0,0,0,0,0,0,0,0,0,76,1192,7,0,0,0,hakeem-nicks-nicksha01,WR,2011
Vincent JacksonV. Jackson,6,222.0,0,0,0,0,0,0,3,51,0,0,60,1106,9,0,0,0,vincent-jackson-jacksvi02,WR,2011
Nate WashingtonN. Washington,6,219.0,0,0,0,0,0,0,2,5,1,0,74,1023,7,0,0,0,nate-washington-washina01,WR,2011
Dwayne BoweD. Bowe,6,218.0,0,0,0,0,0,0,1,12,0,0,81,1159,5,0,0,0,dwayne-bowe-bowedw01,WR,2011
Greg JenningsG. Jennings,8,210.0,0,0,0,0,0,0,0,0,0,0,67,949,9,0,0,0,greg-jennings-jennigr01,WR,2011
Stevie JohnsonS. Johnson,7,210.0,0,0,0,0,0,0,0,0,0,0,76,1004,7,0,0,0,stevie-johnson-johnsst05,WR,2011
A.J. GreenA. Green,7,209.0,0,0,0,0,0,0,5,53,0,0,65,1057,7,0,0,0,aj-green-greenaj02,WR,2011
Dez BryantD. Bryant,5,203.0,0,0,0,0,0,0,1,5,0,0,63,928,9,0,1,0,dez-bryant-bryande02,WR,2011
Laurent RobinsonL. Robinson,5,199.0,0,0,0,0,0,0,0,0,0,0,54,858,11,0,0,0,laurent-robinson-robinla03,WR,2011
Pierre GarconP. Garcon,11,194.0,0,0,0,0,0,0,4,28,0,0,70,947,6,0,2,0,pierre-garcon-garcopi01,WR,2011
Julio JonesJ. Jones,8,194.0,0,0,0,0,0,0,6,56,0,0,54,959,8,0,1,0,julio-jones-jonesju05,WR,2011
Brandon LloydB. Lloyd,5,190.0,1,0,0,0,0,0,0,0,0,0,70,966,5,0,0,0,brandon-lloyd-lloydbr01,WR,2011
Reggie WayneR. Wayne,11,188.0,0,0,0,0,0,0,0,0,0,0,75,960,4,0,0,0,reggie-wayne-waynere01,WR,2011
Jabar GaffneyJ. Gaffney,5,186.0,0,0,0,0,0,0,0,0,0,0,68,947,5,0,1,0,jabar-gaffney-gaffnja01,WR,2011
Antonio BrownA. Brown,11,185.0,0,0,0,0,0,0,7,41,0,0,69,1108,2,0,0,0,antonio-brown-brownan05,WR,2011
Michael CrabtreeM. Crabtree,7,179.0,0,0,0,0,0,0,1,6,0,0,72,874,4,1,0,0,michael-crabtree-crabtmi01,WR,2011
Darrius Heyward-BeyD. Heyward-Bey,8,179.0,0,0,0,0,0,0,0,0,0,0,64,975,4,0,1,0,darrius-heywardbey-heywada01,WR,2011
DeSean JacksonD. Jackson,7,174.0,0,0,0,0,0,0,7,41,0,0,58,961,4,0,1,0,desean-jackson-jacksde02,WR,2011
Jeremy MaclinJ. Maclin,7,173.0,0,0,0,0,0,0,1,1,0,0,63,859,5,0,1,0,jeremy-maclin-maclije01,WR,2011
Torrey SmithT. Smith,5,173.0,0,0,0,0,0,0,4,39,0,0,50,841,7,0,0,0,torrey-smith-smithto08,WR,2011
Nate BurlesonN. Burleson,9,166.0,0,0,0,0,0,0,11,85,0,0,73,757,3,0,1,0,nate-burleson-burlena01,WR,2011
Lance MooreL. Moore,11,162.0,0,0,0,0,0,0,0,0,0,0,52,627,8,2,0,0,lance-moore-moorela03,WR,2011
Santonio HolmesS. Holmes,8,160.0,0,0,0,0,0,0,3,27,0,0,51,654,8,0,1,0,santonio-holmes-holmesa01,WR,2011
Anquan BoldinA. Boldin,5,158.0,0,0,0,0,0,0,0,0,0,0,57,887,3,0,0,0,anquan-boldin-boldian01,WR,2011
Mike WilliamsM. Williams,8,152.0,0,0,0,0,0,0,1,3,0,0,65,771,3,0,2,0,mike-williams-willimi15,WR,2011
Malcom FloydM. Floyd,6,151.0,0,0,0,0,0,0,0,0,0,0,43,856,5,0,0,0,malcom-floyd-floydma03,WR,2011
David NelsonD. Nelson,7,151.0,0,0,0,0,0,0,0,0,0,0,61,658,5,0,0,0,david-nelson-nelsoda04,WR,2011
Doug BaldwinD. Baldwin,6,150.0,0,0,0,0,0,0,1,-2,0,0,51,788,4,0,0,0,doug-baldwin-baldwdo02,WR,2011
Steve BreastonS. Breaston,6,148.0,0,0,0,0,0,0,1,25,0,0,61,785,2,0,0,0,steve-breaston-breasst01,WR,2011
Early DoucetE. Doucet,6,148.0,0,0,0,0,0,0,0,0,0,0,54,689,5,0,0,0,early-doucet-douceea01,WR,2011
Plaxico BurressP. Burress,8,147.0,0,0,0,0,0,0,0,0,0,0,45,612,8,0,0,0,plaxico-burress-burrepl01,WR,2011
Eric DeckerE. Decker,6,147.0,1,0,0,0,0,0,1,1,0,0,44,612,8,0,1,0,eric-decker-deckeer01,WR,2011
Deion BranchD. Branch,7,144.0,0,0,0,0,0,0,0,0,0,0,51,702,5,0,0,0,deion-branch-brancde01,WR,2011
Titus YoungT. Young,9,142.0,0,0,0,0,0,0,2,15,0,0,48,607,6,1,0,0,titus-young-youngti01,WR,2011
Jerome SimpsonJ. Simpson,7,141.0,0,0,0,0,0,0,0,0,0,0,50,725,4,0,0,0,jerome-simpson-simpsje01,WR,2011
Miles AustinM. Austin,5,140.0,0,0,0,0,0,0,2,3,0,0,43,579,7,0,0,0,miles-austin-austimi01,WR,2011
Greg LittleG. Little,5,139.0,0,0,0,0,0,0,3,15,0,0,61,709,2,0,0,0,greg-little-littlgr01,WR,2011
James JonesJ. Jones,8,137.0,0,0,0,0,0,0,0,0,0,0,38,635,7,0,0,0,james-jones-jonesja07,WR,2011
Robert MeachemR. Meachem,11,132.0,0,0,0,0,0,0,4,18,0,0,40,620,6,0,0,0,robert-meachem-meachro01,WR,2011
Denarius MooreD. Moore,8,131.0,0,0,0,0,0,0,5,61,1,0,33,618,5,0,0,0,denarius-moore-moorede06,WR,2011
Damian WilliamsD. Williams,6,128.0,0,0,0,0,0,0,0,0,0,0,45,592,5,0,0,0,damian-williams-willida17,WR,2011
Dexter McClusterD. McCluster,6,127.0,0,0,0,0,0,0,114,516,1,0,46,328,1,0,3,0,dexter-mccluster-mcclude01,WR,2011
Santana MossS. Moss,5,123.0,0,0,0,0,0,0,0,0,0,0,46,584,4,0,0,0,santana-moss-mosssa01,WR,2011
Jason AvantJ. Avant,7,118.0,0,0,0,0,0,0,0,0,0,0,52,679,1,0,2,0,jason-avant-avantja01,WR,2011
Andre RobertsA. Roberts,6,117.0,0,0,0,0,0,0,3,27,0,0,51,586,2,0,0,0,andre-roberts-roberan01,WR,2011
Davone BessD. Bess,5,115.0,0,0,0,0,0,0,2,9,0,0,51,537,3,0,2,0,davone-bess-bessda01,WR,2011
Johnny KnoxJ. Knox,8,114.0,0,0,0,0,0,0,0,0,0,0,37,727,2,0,1,0,johnny-knox-knoxjo01,WR,2011
Joshua CribbsJ. Cribbs,5,112.0,0,0,0,0,0,0,7,25,0,0,41,518,4,0,1,0,joshua-cribbs-cribbjo02,WR,2011
Donald DriverD. Driver,8,111.0,0,0,0,0,0,0,0,0,0,0,37,445,6,0,0,0,donald-driver-drivedo01,WR,2011
Mario ManninghamM. Manningham,7,110.0,0,0,0,0,0,0,0,0,0,0,39,523,4,0,0,0,mario-manningham-mannima01,WR,2011
Brandon LaFellB. LaFell,9,109.0,0,0,0,0,0,0,0,0,0,0,36,613,3,0,0,0,brandon-lafell-lafelbr01,WR,2011
Demaryius ThomasD. Thomas,6,106.0,1,0,0,0,0,0,1,5,0,0,32,551,4,0,0,0,demaryius-thomas-thomade05,WR,2011
Austin CollieA. Collie,11,105.0,0,0,0,0,0,0,0,0,0,0,54,514,1,0,0,0,austin-collie-colliau01,WR,2011
Preston ParkerP. Parker,8,105.0,0,0,0,0,0,0,1,-3,0,0,40,554,3,0,3,0,preston-parker-parkepr01,WR,2011
Dezmon BriscoeD. Briscoe,8,104.0,0,0,0,0,0,0,0,0,0,0,35,387,6,0,0,0,dezmon-briscoe-briscde01,WR,2011
Kevin WalterK. Walter,11,99.0,0,0,0,0,0,0,0,0,0,0,39,474,3,0,0,0,kevin-walter-walteke02,WR,2011
Michael JenkinsM. Jenkins,9,96.0,0,0,0,0,0,0,0,0,0,0,38,466,3,0,2,0,michael-jenkins-jenkimi02,WR,2011
Roy WilliamsR. Williams,8,95.0,0,0,0,0,0,0,0,0,0,0,37,507,2,0,0,0,roy-williams-williro11,WR,2011
Lavelle HawkinsL. Hawkins,6,92.0,0,0,0,0,0,0,0,0,0,0,47,470,1,0,0,0,lavelle-hawkins-hawkila01,WR,2011
Andre JohnsonA. Johnson,11,91.0,0,0,0,0,0,0,1,8,0,0,33,492,2,0,0,0,andre-johnson-johnsan03,WR,2011
Legedu NaaneeL. Naanee,9,91.0,1,1,27,0,0,0,0,0,0,0,44,467,1,0,0,0,legedu-naanee-naanele01,WR,2011
Harry DouglasH. Douglas,8,90.0,0,0,0,0,0,0,1,3,0,0,39,498,1,0,0,0,harry-douglas-douglha01,WR,2011
Hines WardH. Ward,11,90.0,0,0,0,0,0,0,0,0,0,0,46,381,2,0,1,0,hines-ward-wardhi01,WR,2011
Devery HendersonD. Henderson,11,89.0,0,0,0,0,0,0,1,9,0,0,32,503,2,0,0,0,devery-henderson-hendede01,WR,2011
Sidney RiceS. Rice,6,89.0,1,1,55,0,0,0,2,3,0,0,32,484,2,0,0,0,sidney-rice-ricesi02,WR,2011
Ben ObomanuB. Obomanu,6,88.0,0,0,0,0,0,0,1,13,0,0,37,436,2,0,0,0,ben-obomanu-obomabe01,WR,2011
Brian HartlineB. Hartline,5,87.0,0,0,0,0,0,0,1,9,0,0,35,549,1,0,0,0,brian-hartline-hartlbr01,WR,2011
Jacoby JonesJ. Jones,11,87.0,0,0,0,0,0,0,4,17,0,0,31,512,2,0,0,0,jacoby-jones-jonesja06,WR,2011
Mike ThomasM. Thomas,9,87.0,0,0,0,0,0,0,3,11,0,0,44,415,1,0,0,0,mike-thomas-thomami03,WR,2011
Arrelious BennA. Benn,8,86.0,0,0,0,0,0,0,6,-7,0,0,30,441,3,0,0,0,arrelious-benn-bennar01,WR,2011
Golden TateG. Tate,6,85.0,0,0,0,0,0,0,5,14,0,0,35,382,3,0,0,0,golden-tate-tatego02,WR,2011
Andre CaldwellA. Caldwell,7,83.0,0,0,0,0,0,0,0,0,0,0,37,317,3,0,0,0,andre-caldwell-caldwan01,WR,2011
Brandon GibsonB. Gibson,5,82.0,0,0,0,0,0,0,2,16,0,0,36,431,1,0,0,0,brandon-gibson-gibsobr01,WR,2011
Danario AlexanderD. Alexander,5,77.0,0,0,0,0,0,0,0,0,0,0,26,431,2,0,0,0,danario-alexander-alexada04,WR,2011
Jason HillJ. Hill,9,75.0,0,0,0,0,0,0,0,0,0,0,25,367,3,0,0,0,jason-hill-hillja03,WR,2011
Mohamed MassaquoiM. Massaquoi,5,75.0,0,0,0,0,0,0,0,0,0,0,31,384,2,0,0,0,mohamed-massaquoi-massamo01,WR,2011
Devin AromashoduD. Aromashodu,9,74.0,0,0,0,0,0,0,0,0,0,0,26,468,1,0,0,0,devin-aromashodu-aromade01,WR,2011
Dane SanzenbacherD. Sanzenbacher,8,68.0,0,0,0,0,0,0,1,-4,0,0,27,276,3,0,0,0,dane-sanzenbacher-sanzeda01,WR,2011
Devin HesterD. Hester,8,66.0,0,0,0,0,0,0,1,-6,0,0,26,369,1,0,0,0,devin-hester-hestede01,WR,2011
Earl BennettE. Bennett,8,63.0,0,0,0,0,0,0,0,0,0,0,24,381,1,0,1,0,earl-bennett-benneea02,WR,2011
Jeremy KerleyJ. Kerley,8,62.0,1,1,41,0,0,0,5,28,0,0,29,314,1,0,1,0,jeremy-kerley-kerleje01,WR,2011
Kenny BrittK. Britt,6,61.0,0,0,0,0,0,0,0,0,0,0,17,289,3,0,1,0,kenny-britt-brittke01,WR,2011
Donte' StallworthD. Stallworth,5,61.0,0,0,0,0,0,0,2,1,0,0,22,309,2,0,0,0,donte-stallworth-stalldo01,WR,2011
Kyle WilliamsK. Williams,7,61.0,0,0,0,0,0,0,2,32,0,0,20,241,3,0,0,0,kyle-williams-williky03,WR,2011
Vincent BrownV. Brown,6,60.0,0,0,0,0,0,0,0,0,0,0,19,329,2,0,0,0,vincent-brown-brownvi03,WR,2011
Randall CobbR. Cobb,8,60.0,1,0,0,0,0,0,2,5,0,0,25,375,1,0,3,0,randall-cobb-cobbra01,WR,2011
Emmanuel SandersE. Sanders,11,60.0,1,1,15,0,0,0,0,0,0,0,22,288,2,0,0,0,emmanuel-sanders-sandeem01,WR,2011
Brad SmithB. Smith,7,59.0,1,0,0,0,1,0,20,87,1,0,23,240,1,0,0,0,brad-smith-smithbr08,WR,2011
Jarett DillardJ. Dillard,9,58.0,0,0,0,0,0,0,0,0,0,0,29,292,1,0,1,0,jarett-dillard-dillaja01,WR,2011
Chaz SchilensC. Schilens,8,58.0,0,0,0,0,0,0,0,0,0,0,23,271,2,0,0,0,chaz-schilens-schilch01,WR,2011
Jacoby FordJ. Ford,8,52.0,0,0,0,0,0,0,4,31,0,0,19,279,1,0,1,0,jacoby-ford-fordja03,WR,2011
Derek HaganD. Hagan,7,51.0,0,0,0,0,0,0,0,0,0,0,24,252,1,0,0,0,derek-hagan-hagande01,WR,2011
Jordan NorwoodJ. Norwood,5,51.0,0,0,0,0,0,0,0,0,0,0,23,268,1,0,0,0,jordan-norwood-norwojo01,WR,2011
Riley CooperR. Cooper,7,50.0,0,0,0,0,0,0,0,0,0,0,16,315,1,0,0,0,riley-cooper-cooperi02,WR,2011
Patrick CraytonP. Crayton,6,50.0,0,0,0,0,0,0,0,0,0,0,23,248,1,0,0,0,patrick-crayton-craytpa01,WR,2011
Donald JonesD. Jones,7,50.0,0,0,0,0,0,0,1,2,0,0,23,231,1,0,0,0,donald-jones-jonesdo07,WR,2011
Jerricho CotcheryJ. Cotchery,11,49.0,0,0,0,0,0,0,1,3,0,0,16,237,2,0,0,0,jerricho-cotchery-cotchje01,WR,2011
Greg SalasG. Salas,5,49.0,0,0,0,0,0,0,1,8,0,0,27,264,0,0,1,0,greg-salas-salasgr01,WR,2011
Louis MurphyL. Murphy,8,48.0,0,0,0,0,0,0,6,69,1,0,15,241,0,0,0,0,louis-murphy-murphlo01,WR,2011
Austin PettisA. Pettis,5,48.0,0,0,0,0,0,0,1,-6,0,0,27,256,0,0,0,0,austin-pettis-pettiau01,WR,2011
Jonathan BaldwinJ. Baldwin,6,47.0,0,0,0,0,0,0,0,0,0,0,21,254,1,0,0,0,jonathan-baldwin-baldwjo03,WR,2011
Matt WillisM. Willis,6,46.0,0,0,0,0,0,0,0,0,0,0,18,267,1,0,0,0,matt-willis-willima14,WR,2011
Mike WilliamsM. Williams,6,45.0,0,0,0,0,0,0,0,0,0,0,18,236,1,0,0,0,mike-williams-willimi10,WR,2011
Andrew HawkinsA. Hawkins,7,44.0,0,0,0,0,0,0,5,25,0,0,23,263,0,0,0,0,andrew-hawkins-hawkian02,WR,2011
Chad JohnsonC. Johnson,7,44.0,0,0,0,0,0,0,0,0,0,0,15,276,1,0,0,0,chad-johnson-johnsch02,WR,2011
Naaman RooseveltN. Roosevelt,7,44.0,0,0,0,0,0,0,0,0,0,0,16,257,1,0,0,0,naaman-roosevelt-roosena01,WR,2011
Ted Ginn Jr.T. Ginn,7,42.0,0,0,0,0,0,0,8,68,0,0,19,220,0,0,0,0,ted-ginn-ginnte01,WR,2011
Josh MorganJ. Morgan,7,40.0,0,0,0,0,0,0,0,0,0,0,15,220,1,0,0,0,josh-morgan-morgajo02,WR,2011
Eddie RoyalE. Royal,6,40.0,0,0,0,0,0,0,7,48,0,0,19,155,1,0,0,0,eddie-royal-royaled01,WR,2011
Chastin WestC. West,8,37.0,0,0,0,0,0,0,0,0,0,0,13,163,2,0,0,0,chastin-west-westch02,WR,2011
Braylon EdwardsB. Edwards,7,30.0,0,0,0,0,0,0,0,0,0,0,15,181,0,0,0,0,braylon-edwards-edwarbr02,WR,2011
Leonard HankersonL. Hankerson,5,30.0,0,0,0,0,0,0,0,0,0,0,13,163,0,1,0,0,leonard-hankerson-hankele01,WR,2011
Derrick MasonD. Mason,11,30.0,0,0,0,0,0,0,0,0,0,0,19,170,0,0,0,0,derrick-mason-masonde01,WR,2011
T.J. HoushmandzadehT. Houshmandzadeh,8,29.0,0,0,0,0,0,0,0,0,0,0,11,146,1,0,0,0,tj-houshmandzadeh-houshtj01,WR,2011
Anthony ArmstrongA. Armstrong,5,28.0,0,0,0,0,0,0,2,19,0,0,7,103,2,0,0,0,anthony-armstrong-armstan02,WR,2011
Kevin OgletreeK. Ogletree,5,27.0,0,0,0,0,0,0,2,3,0,0,15,164,0,0,1,0,kevin-ogletree-ogletke01,WR,2011
Steve SmithS. Smith,7,26.0,0,0,0,0,0,0,0,0,0,0,11,124,1,0,0,0,steve-smith-smithst08,WR,2011
Mike Sims-WalkerM. Sims-Walker,9,25.0,0,0,0,0,0,0,0,0,0,0,12,150,0,0,0,0,mike-simswalker-walkemi04,WR,2011
Terrence AustinT. Austin,5,22.0,0,0,0,0,0,0,0,0,0,0,12,137,0,0,1,0,terrence-austin-austite02,WR,2011
Jesse HolleyJ. Holley,5,22.0,0,0,0,0,0,0,0,0,0,0,7,169,0,0,0,0,jesse-holley-holleje01,WR,2011
Patrick TurnerP. Turner,8,22.0,0,0,0,0,0,0,0,0,0,0,8,96,1,0,0,0,patrick-turner-turnepa01,WR,2011
David AndersonD. Anderson,5,19.0,0,0,0,0,0,0,0,0,0,0,7,79,1,0,0,0,david-anderson-anderda03,WR,2011
Bryant JohnsonB. Johnson,11,19.0,0,0,0,0,0,0,1,1,0,0,6,90,1,0,0,0,bryant-johnson-johnsbr05,WR,2011
Greg CamarilloG. Camarillo,9,18.0,0,0,0,0,0,0,0,0,0,0,9,121,0,0,0,0,greg-camarillo-camargr01,WR,2011
Terrance CopperT. Copper,6,18.0,0,0,0,0,0,0,0,0,0,0,8,114,0,0,0,0,terrance-copper-coppete01,WR,2011
Ricardo LocketteR. Lockette,6,18.0,0,0,0,0,0,0,0,0,0,0,2,105,1,0,0,0,ricardo-lockette-lockeri01,WR,2011
Eric WeemsE. Weems,8,18.0,0,0,0,0,0,0,0,0,0,0,11,90,0,0,0,0,eric-weems-weemser01,WR,2011
Sam HurdS. Hurd,8,17.0,0,0,0,0,0,0,0,0,0,0,8,109,0,0,0,0,sam-hurd-hurdsa01,WR,2011
Ramses BardenR. Barden,7,15.0,0,0,0,0,0,0,0,0,0,0,9,94,0,0,0,0,ramses-barden-bardera01,WR,2011
Bernard BerrianB. Berrian,9,15.0,0,0,0,0,0,0,0,0,0,0,7,91,0,0,0,0,bernard-berrian-berribe01,WR,2011
Keary ColbertK. Colbert,6,15.0,0,0,0,0,0,0,0,0,0,0,9,89,0,0,0,0,keary-colbert-colbeke01,WR,2011
Ruvell MartinR. Martin,7,15.0,0,0,0,0,0,0,0,0,0,0,7,82,0,0,0,0,ruvell-martin-martiru01,WR,2011
Domenik HixonD. Hixon,7,14.0,0,0,0,0,0,0,0,0,0,0,4,50,1,0,0,0,domenik-hixon-hixondo01,WR,2011
Donnie AveryD. Avery,5,13.0,0,0,0,0,0,0,0,0,0,0,3,45,1,0,0,0,donnie-avery-averydo02,WR,2011
Jerheme UrbanJ. Urban,6,12.0,0,0,0,0,0,0,1,7,0,0,4,35,1,0,0,0,jerheme-urban-urbanje01,WR,2011
Chad HallC. Hall,7,11.0,0,0,0,0,0,0,3,13,0,0,3,20,1,0,0,0,chad-hall-hallch06,WR,2011
Lee EvansL. Evans,5,10.0,0,0,0,0,0,0,0,0,0,0,4,74,0,0,0,0,lee-evans-evansle03,WR,2011
Cecil ShortsC. Shorts,9,10.0,0,0,0,0,0,0,0,0,0,0,2,30,1,0,0,0,cecil-shorts-shortce01,WR,2011
Danny AmendolaD. Amendola,5,9.0,0,0,0,0,0,0,0,0,0,0,5,45,0,0,0,0,danny-amendola-amendda01,WR,2011
Brandon BanksB. Banks,5,9.0,1,1,49,1,0,0,1,1,0,0,1,10,0,0,0,0,brandon-banks-banksbr02,WR,2011
Deon ButlerD. Butler,6,9.0,0,0,0,0,0,0,0,0,0,0,6,51,0,0,0,0,deon-butler-butlede01,WR,2011
Rashied DavisR. Davis,9,9.0,0,0,0,0,0,0,0,0,0,0,4,63,0,0,0,0,rashied-davis-davisra01,WR,2011
Kassim OsgoodK. Osgood,9,8.0,0,0,0,0,0,0,0,0,0,0,5,42,0,0,0,0,kassim-osgood-osgooka01,WR,2011
Sammie StroughterS. Stroughter,8,8.0,0,0,0,0,0,0,0,0,0,0,4,52,0,0,1,0,sammie-stroughter-strousa01,WR,2011
LaQuan WilliamsL. Williams,5,7.0,0,0,0,0,0,0,0,0,0,0,4,46,0,0,0,0,laquan-williams-willila11,WR,2011
Kris DurhamK. Durham,6,6.0,0,0,0,0,0,0,0,0,0,0,3,30,0,0,0,0,kris-durham-durhakr01,WR,2011
Devin ThomasD. Thomas,7,6.0,0,0,0,0,0,0,0,0,0,0,3,37,0,0,0,0,devin-thomas-thomade04,WR,2011
Ryan WhalenR. Whalen,7,6.0,0,0,0,0,0,0,0,0,0,0,4,27,0,0,0,0,ryan-whalen-whalery01,WR,2011
Stephen BurtonS. Burton,9,5.0,0,0,0,0,0,0,0,0,0,0,2,38,0,0,0,0,stephen-burton-burtost01,WR,2011
Mark ClaytonM. Clayton,5,5.0,0,0,0,0,0,0,0,0,0,0,3,26,0,0,0,0,mark-clayton-claytma02,WR,2011
Marc MarianiM. Mariani,6,5.0,0,0,0,0,0,0,1,4,0,0,5,24,0,0,0,0,marc-mariani-mariama01,WR,2011
Carlton MitchellC. Mitchell,5,5.0,0,0,0,0,0,0,0,0,0,0,3,31,0,0,0,0,carlton-mitchell-mitchca01,WR,2011
Taylor PriceT. Price,9,5.0,0,0,0,0,0,0,0,0,0,0,2,39,0,0,0,0,taylor-price-priceta01,WR,2011
Brian RobiskieB. Robiskie,5,5.0,0,0,0,0,0,0,0,0,0,0,3,25,0,0,0,0,brian-robiskie-robisbr02,WR,2011
DeMarco SampsonD. Sampson,6,5.0,0,0,0,0,0,0,0,0,0,0,3,36,0,0,0,0,demarco-sampson-sampsde01,WR,2011
Jordan ShipleyJ. Shipley,7,5.0,0,0,0,0,0,0,0,0,0,0,4,14,0,0,0,0,jordan-shipley-shipljo01,WR,2011
Chansi StuckeyC. Stuckey,6,5.0,0,0,0,0,0,0,0,0,0,0,4,39,0,0,1,0,chansi-stuckey-stuckch01,WR,2011
Tiquan UnderwoodT. Underwood,9,5.0,0,0,0,0,0,0,0,0,0,0,3,30,0,0,0,0,tiquan-underwood-underti01,WR,2011
Bryan WaltersB. Walters,6,5.0,0,0,0,0,0,0,0,0,0,0,3,27,0,0,0,0,bryan-walters-waltebr01,WR,2011
Adrian ArringtonA. Arrington,11,4.0,0,0,0,0,0,0,0,0,0,0,2,31,0,0,0,0,adrian-arrington-arrinad01,WR,2011
Julian EdelmanJ. Edelman,7,4.0,0,0,0,0,0,0,4,8,0,0,4,34,0,0,1,0,julian-edelman-edelmju01,WR,2011
Matt SlaterM. Slater,7,4.0,0,0,0,0,0,0,0,0,0,0,1,46,0,0,1,0,matt-slater-slatema02,WR,2011
Edmond GatesE. Gates,5,3.0,0,0,0,0,0,0,1,4,0,0,2,19,0,0,0,0,edmond-gates-gatesed01,WR,2011
Emmanuel ArceneauxE. Arceneaux,9,2.0,0,0,0,0,0,0,0,0,0,0,1,10,0,0,0,0,emmanuel-arceneaux-arcenem01,WR,2011
Roscoe ParrishR. Parrish,7,2.0,0,0,0,0,0,0,0,0,0,0,1,16,0,0,0,0,roscoe-parrish-parriro01,WR,2011
Micheal SpurlockM. Spurlock,8,2.0,1,0,0,0,0,0,0,0,0,0,2,13,0,0,0,0,micheal-spurlock-spurlmi01,WR,2011
Brett SwainB. Swain,7,2.0,0,0,0,0,0,0,0,0,0,0,2,15,0,0,0,0,brett-swain-swainbr01,WR,2011
Seyi AjirotutuS. Ajirotutu,9,1.0,0,0,0,0,0,0,0,0,0,0,1,4,0,0,0,0,seyi-ajirotutu-ajirose01,WR,2011
Nick MillerN. Miller,5,1.0,0,0,0,0,0,0,0,0,0,0,1,8,0,0,0,0,nick-miller-milleni02,WR,2011
Brandon StokleyB. Stokley,7,1.0,0,0,0,0,0,0,0,0,0,0,1,7,0,0,0,0,brandon-stokley-stoklbr01,WR,2011
Maurice StovallM. Stovall,9,1.0,0,0,0,0,0,0,0,0,0,0,1,8,0,0,0,0,maurice-stovall-stovama01,WR,2011
Armanti EdwardsA. Edwards,9,0.0,1,1,11,0,0,0,1,5,0,0,0,0,0,0,0,0,armanti-edwards-edwarar01,WR,2011
Jeremy HorneJ. Horne,6,0.0,0,0,0,0,0,0,1,5,0,0,0,0,0,0,0,0,jeremy-horne-horneje01,WR,2011
Quan CosbyQ. Cosby,11,-1.0,0,0,0,0,0,0,0,0,0,0,0,0,0,0,1,0,quan-cosby-cosbyqu01,WR,2011
David ReedD. Reed,5,-1.0,0,0,0,0,0,0,1,16,0,0,0,0,0,0,2,0,david-reed-reedda03,WR,2011
Brandon TateB. Tate,7,-1.0,0,0,0,0,0,0,0,0,0,0,0,0,0,0,1,0,brandon-tate-tatebr01,WR,2011
Rob GronkowskiR. Gronkowski,7,323.0,0,0,0,0,0,0,1,2,1,0,90,1327,17,0,0,0,rob-gronkowski-gronkro01,TE,2011
Jimmy GrahamJ. Graham,11,287.0,0,0,0,0,0,0,0,0,0,0,99,1310,11,0,1,0,jimmy-graham-grahaji01,TE,2011
Aaron HernandezA. Hernandez,7,207.0,0,0,0,0,0,0,5,45,0,0,79,910,7,0,1,0,aaron-hernandez-hernaaa01,TE,2011
Tony GonzalezT. Gonzalez,8,203.0,0,0,0,0,0,0,0,0,0,0,80,875,7,0,0,0,tony-gonzalez-gonzato01,TE,2011
Jason WittenJ. Witten,5,196.0,0,0,0,0,0,0,0,0,0,0,79,942,5,0,0,0,jason-witten-witteja01,TE,2011
Brandon PettigrewB. Pettigrew,9,182.0,0,0,0,0,0,0,0,0,0,0,83,777,5,0,0,0,brandon-pettigrew-pettibr01,TE,2011
Antonio GatesA. Gates,6,179.0,0,0,0,0,0,0,0,0,0,0,64,778,7,0,0,0,antonio-gates-gatesan01,TE,2011
Vernon DavisV. Davis,7,173.0,0,0,0,0,0,0,2,-5,0,0,67,792,6,0,1,0,vernon-davis-davisve02,TE,2011
Jermichael FinleyJ. Finley,8,173.0,0,0,0,0,0,0,0,0,0,0,55,767,8,0,0,0,jermichael-finley-finleje01,TE,2011
Dustin KellerD. Keller,8,170.0,0,0,0,0,0,0,0,0,0,0,65,815,5,0,1,0,dustin-keller-kelledu01,TE,2011
Brent CelekB. Celek,7,167.0,0,0,0,0,0,0,0,0,0,0,62,811,5,0,0,0,brent-celek-celekbr01,TE,2011
Kellen WinslowK. Winslow,8,160.0,0,0,0,0,0,0,0,0,0,0,75,763,2,2,1,0,kellen-winslow-winslke02,TE,2011
Fred DavisF. Davis,5,150.0,0,0,0,0,0,0,0,0,0,0,59,796,3,0,1,0,fred-davis-davisfr04,TE,2011
Jermaine GreshamJ. Gresham,7,144.0,0,0,0,0,0,0,0,0,0,0,56,596,6,0,1,0,jermaine-gresham-greshje01,TE,2011
Jared CookJ. Cook,6,134.0,0,0,0,0,0,0,0,0,0,0,49,759,3,0,2,0,jared-cook-cookja02,TE,2011
Owen DanielsO. Daniels,11,134.0,0,0,0,0,0,0,0,0,0,0,54,677,3,0,0,0,owen-daniels-danieow01,TE,2011
Ed DicksonE. Dickson,5,129.0,0,0,0,0,0,0,0,0,0,0,54,528,5,0,0,0,ed-dickson-dicksed01,TE,2011
Greg OlsenG. Olsen,9,125.0,0,0,0,0,0,0,0,0,0,0,45,540,5,1,1,0,greg-olsen-olsengr01,TE,2011
Heath MillerH. Miller,11,119.0,0,0,0,0,0,0,1,6,0,0,51,631,2,0,1,0,heath-miller-millehe01,TE,2011
Jake BallardJ. Ballard,7,116.0,0,0,0,0,0,0,0,0,0,0,38,604,4,0,0,0,jake-ballard-ballaja01,TE,2011
Scott ChandlerS. Chandler,7,107.0,0,0,0,0,0,0,0,0,0,0,38,389,6,0,1,0,scott-chandler-chandsc01,TE,2011
Anthony FasanoA. Fasano,5,101.0,0,0,0,0,0,0,0,0,0,0,32,451,5,0,0,0,anthony-fasano-fasanan01,TE,2011
Jeremy ShockeyJ. Shockey,9,101.0,0,0,0,0,0,0,0,0,0,0,37,455,4,0,1,0,jeremy-shockey-shockje01,TE,2011
Joel DreessenJ. Dreessen,11,93.0,0,0,0,0,0,0,0,0,0,0,28,353,6,0,0,0,joel-dreessen-dreesjo01,TE,2011
Tony SchefflerT. Scheffler,9,93.0,0,0,0,0,0,0,1,5,0,0,26,347,6,1,0,0,tony-scheffler-schefto01,TE,2011
Dennis PittaD. Pitta,5,91.0,0,0,0,0,0,0,0,0,0,0,40,405,3,0,0,0,dennis-pitta-pittade01,TE,2011
Visanthe ShiancoeV. Shiancoe,9,89.0,0,0,0,0,0,0,0,0,0,0,36,409,3,0,0,0,visanthe-shiancoe-shianvi01,TE,2011
Benjamin WatsonB. Watson,5,84.0,0,0,0,0,0,0,0,0,0,0,37,410,2,0,0,0,benjamin-watson-watsobe01,TE,2011
Evan MooreE. Moore,5,83.0,0,0,0,0,0,0,0,0,0,0,34,324,4,0,0,0,evan-moore-mooreev01,TE,2011
Marcedes LewisM. Lewis,9,78.0,0,0,0,0,0,0,0,0,0,0,39,460,0,0,0,0,marcedes-lewis-lewisma04,TE,2011
Kevin BossK. Boss,8,77.0,0,0,0,0,0,0,0,0,0,0,28,368,3,0,0,0,kevin-boss-bosske01,TE,2011
Dallas ClarkD. Clark,11,76.0,0,0,0,0,0,0,0,0,0,0,34,352,2,0,1,0,dallas-clark-clarkda05,TE,2011
Jeff KingJ. King,6,67.0,0,0,0,0,0,0,0,0,0,0,27,271,3,0,0,0,jeff-king-kingje03,TE,2011
Kellen DavisK. Davis,8,66.0,0,0,0,0,0,0,0,0,0,0,18,206,5,0,0,0,kellen-davis-daviske04,TE,2011
Kyle RudolphK. Rudolph,9,63.0,0,0,0,0,0,0,0,0,0,0,26,249,3,0,0,0,kyle-rudolph-rudolky01,TE,2011
Daniel FellsD. Fells,6,56.0,0,0,0,0,0,0,0,0,0,0,19,256,3,0,1,0,daniel-fells-fellsda01,TE,2011
Lance KendricksL. Kendricks,5,56.0,0,0,0,0,0,0,1,-8,0,0,28,352,0,0,1,0,lance-kendricks-kendrla01,TE,2011
Todd HeapT. Heap,6,55.0,0,0,0,0,0,0,0,0,0,0,24,283,1,0,0,0,todd-heap-heapto01,TE,2011
Charles ClayC. Clay,5,54.0,0,0,0,0,0,0,0,0,0,0,16,233,3,0,0,0,charles-clay-claych01,TE,2011
Delanie WalkerD. Walker,7,54.0,0,0,0,0,0,0,3,5,0,0,19,198,3,0,0,0,delanie-walker-walkede04,TE,2011
Randy McMichaelR. McMichael,6,51.0,0,0,0,0,0,0,0,0,0,0,30,271,0,0,0,0,randy-mcmichael-mcmicra01,TE,2011
Leonard PopeL. Pope,6,48.0,0,0,0,0,0,0,0,0,0,0,24,247,1,0,0,0,leonard-pope-popele01,TE,2011
Zach MillerZ. Miller,6,43.0,0,0,0,0,0,0,0,0,0,0,25,233,0,0,0,0,zach-miller-milleza01,TE,2011
Jacob TammeJ. Tamme,11,40.0,0,0,0,0,0,0,0,0,0,0,19,177,1,0,0,0,jacob-tamme-tammeja01,TE,2011
Clay HarborC. Harbor,7,30.0,0,0,0,0,0,0,0,0,0,0,13,163,1,0,0,0,clay-harbor-harbocl01,TE,2011
Brandon MyersB. Myers,8,28.0,0,0,0,0,0,0,0,0,0,0,16,151,0,0,0,0,brandon-myers-myersbr02,TE,2011
Alex SmithA. Smith,5,28.0,0,0,0,0,0,0,0,0,0,0,14,131,1,0,0,0,alex-smith-smithal05,TE,2011
Craig StevensC. Stevens,6,28.0,0,0,0,0,0,0,0,0,0,0,9,166,1,0,0,0,craig-stevens-stevecr01,TE,2011
Martellus BennettM. Bennett,5,27.0,0,0,0,0,0,0,0,0,0,0,17,144,0,0,0,0,martellus-bennett-bennema01,TE,2011
John PhillipsJ. Phillips,5,26.0,0,0,0,0,0,0,0,0,0,0,15,101,1,0,0,0,john-phillips-philljo05,TE,2011
Anthony McCoyA. McCoy,6,25.0,0,0,0,0,0,0,0,0,0,0,13,146,0,0,0,0,anthony-mccoy-mccoyan01,TE,2011
Rob HouslerR. Housler,6,21.0,0,0,0,0,0,0,0,0,0,0,12,133,0,0,1,0,rob-housler-houslro01,TE,2011
Matt SpaethM. Spaeth,8,21.0,0,0,0,0,0,0,0,0,0,0,7,50,2,0,0,0,matt-spaeth-spaetma01,TE,2011
Donald LeeD. Lee,7,20.0,0,0,0,0,0,0,0,0,0,0,11,115,0,0,0,0,donald-lee-leedo01,TE,2011
Logan PaulsenL. Paulsen,5,20.0,0,0,0,0,0,0,0,0,0,0,11,138,0,0,0,0,logan-paulsen-paulslo01,TE,2011
Travis BeckumT. Beckum,7,19.0,0,0,0,0,0,0,0,0,0,0,5,93,1,0,0,0,travis-beckum-beckutr01,TE,2011
Michael PalmerM. Palmer,8,18.0,0,0,0,0,0,0,0,0,0,0,10,72,1,0,0,0,michael-palmer-palmemi04,TE,2011
Luke StockerL. Stocker,8,18.0,0,0,0,0,0,0,0,0,0,0,12,92,0,0,0,0,luke-stocker-stocklu01,TE,2011
Dante RosarioD. Rosario,6,16.0,0,0,0,0,0,0,0,0,0,0,7,117,0,0,0,0,dante-rosario-rosarda01,TE,2011
Billy BajemaB. Bajema,5,15.0,0,0,0,0,0,0,0,0,0,0,9,71,0,0,0,0,billy-bajema-bajembi01,TE,2011
Chris CooleyC. Cooley,5,14.0,0,0,0,0,0,0,2,3,0,0,8,65,0,0,0,0,chris-cooley-coolech01,TE,2011
Michael HoomanawanuiM. Hoomanawanui,5,14.0,0,0,0,0,0,0,0,0,0,0,7,83,0,0,0,0,michael-hoomanawanui-hoomami01,TE,2011
Colin CochartC. Cochart,7,13.0,0,0,0,0,0,0,0,0,0,0,5,44,1,0,0,0,colin-cochart-cochaco01,TE,2011
Tom CrabtreeT. Crabtree,8,13.0,0,0,0,0,0,0,0,0,0,0,6,38,1,0,0,0,tom-crabtree-crabtto01,TE,2011
Zach MillerZ. Miller,9,13.0,0,0,0,0,0,0,0,0,0,0,4,42,1,0,0,0,zach-miller-milleza02,TE,2011
Cameron MorrahC. Morrah,6,12.0,0,0,0,0,0,0,1,1,0,0,6,74,0,0,0,0,cameron-morrah-morraca01,TE,2011
Weslye SaundersW. Saunders,11,12.0,0,0,0,0,0,0,0,0,0,0,4,29,1,0,0,0,weslye-saunders-saundwe01,TE,2011
Brody EldridgeB. Eldridge,11,10.0,0,0,0,0,0,0,0,0,0,0,9,45,0,0,0,0,brody-eldridge-eldribr01,TE,2011
Daniel GrahamD. Graham,6,10.0,0,0,0,0,0,0,0,0,0,0,2,25,1,0,0,0,daniel-graham-grahada01,TE,2011
Jake O'ConnellJ. O'Connell,6,10.0,0,0,0,0,0,0,0,0,0,0,7,52,0,0,0,0,jake-oconnell-oconnja01,TE,2011
Richie BrockelR. Brockel,9,9.0,0,0,0,0,0,0,3,12,1,0,3,13,0,0,0,0,richie-brockel-brockri01,TE,2011
Colin ClohertyC. Cloherty,7,9.0,0,0,0,0,0,0,0,0,0,0,4,57,0,0,0,0,colin-cloherty-cloheco01,TE,2011
John GilmoreJ. Gilmore,11,9.0,0,0,0,0,0,0,0,0,0,0,3,20,1,0,0,0,john-gilmore-gilmojo01,TE,2011
Matthew MulliganM. Mulligan,8,9.0,0,0,0,0,0,0,0,0,0,0,5,58,0,0,0,0,matthew-mulligan-mullima01,TE,2011
Zach PotterZ. Potter,9,9.0,0,0,0,0,0,0,0,0,0,0,5,50,0,0,0,0,zach-potter-potteza01,TE,2011
Will HellerW. Heller,9,8.0,0,0,0,0,0,0,0,0,0,0,6,42,0,0,0,0,will-heller-hellewi01,TE,2011
Jordan CameronJ. Cameron,5,7.0,0,0,0,0,0,0,0,0,0,0,6,33,0,0,0,0,jordan-cameron-camerjo02,TE,2011
Mike CaussinM. Caussin,7,7.0,0,0,0,0,0,0,0,0,0,0,5,41,0,0,0,0,mike-caussin-caussmi01,TE,2011
Ryan TaylorR. Taylor,8,7.0,0,0,0,0,0,0,0,0,0,0,1,4,1,0,0,0,ryan-taylor-taylory02,TE,2011
Zack PianaltoZ. Pianalto,8,6.0,0,0,0,0,0,0,0,0,0,0,4,40,0,0,0,0,zack-pianalto-pianaza01,TE,2011
Anthony BechtA. Becht,6,5.0,0,0,0,0,0,0,0,0,0,0,3,26,0,0,0,0,anthony-becht-bechtan01,TE,2011
Jeff CumberlandJ. Cumberland,8,5.0,0,0,0,0,0,0,0,0,0,0,2,35,0,0,0,0,jeff-cumberland-cumbeje01,TE,2011
Andrew QuarlessA. Quarless,8,5.0,0,0,0,0,0,0,0,0,0,0,3,36,0,0,0,0,andrew-quarless-quarlan01,TE,2011
Lee SmithL. Smith,7,5.0,0,0,0,0,0,0,0,0,0,0,4,11,0,0,0,0,lee-smith-smithle07,TE,2011
David ThomasD. Thomas,11,5.0,0,0,0,0,0,0,0,0,0,0,5,16,0,0,0,0,david-thomas-thomada04,TE,2011
Kevin BrockK. Brock,7,4.0,0,0,0,0,0,0,0,0,0,0,2,27,0,0,0,0,kevin-brock-brockke01,TE,2011
Jim DrayJ. Dray,6,4.0,0,0,0,0,0,0,0,0,0,0,2,25,0,0,0,0,jim-dray-drayji01,TE,2011
Niles PaulN. Paul,5,4.0,0,0,0,0,0,0,1,7,0,0,2,25,0,0,0,0,niles-paul-paulni01,TE,2011
Kory SperryK. Sperry,6,4.0,0,0,0,0,0,0,0,0,0,0,1,32,0,0,0,0,kory-sperry-sperrko01,TE,2011
David AusberryD. Ausberry,8,3.0,0,0,0,0,0,0,1,-2,0,0,2,14,0,0,0,0,david-ausberry-ausbeda01,TE,2011
Garrett GrahamG. Graham,11,3.0,0,0,0,0,0,0,0,0,0,0,1,24,0,0,0,0,garrett-graham-grahaga01,TE,2011
Virgil GreenV. Green,6,3.0,0,0,0,0,0,0,0,0,0,0,3,24,0,0,0,0,virgil-green-greenvi02,TE,2011
Anthony HillA. Hill,11,2.0,0,0,0,0,0,0,0,0,0,0,2,10,0,0,0,0,anthony-hill-hillan01,TE,2011
Justin PeelleJ. Peelle,7,2.0,0,0,0,0,0,0,0,0,0,0,1,19,0,0,0,0,justin-peelle-peellju01,TE,2011
Stephen SpachS. Spach,5,2.0,0,0,0,0,0,0,0,0,0,0,2,2,0,0,0,0,stephen-spach-spachst01,TE,2011
D.J. WilliamsD. Williams,8,2.0,0,0,0,0,0,0,0,0,0,0,2,13,0,0,0,0,dj-williams-willidj02,TE,2011
Richard GordonR. Gordon,8,1.0,0,0,0,0,0,0,0,0,0,0,1,2,0,0,0,0,richard-gordon-gordori01,TE,2011
Michael HigginsM. Higgins,11,1.0,0,0,0,0,0,0,0,0,0,0,1,4,0,0,0,0,michael-higgins-higgimi01,TE,2011
Reggie KellyR. Kelly,8,1.0,0,0,0,0,0,0,0,0,0,0,1,7,0,0,0,0,reggie-kelly-kellyre01,TE,2011
Jim KleinsasserJ. Kleinsasser,9,1.0,0,0,0,0,0,0,0,0,0,0,1,4,0,0,0,0,jim-kleinsasser-kleinji01,TE,2011
Steve ManeriS. Maneri,6,1.0,0,0,0,0,0,0,0,0,0,0,1,1,0,0,0,0,steve-maneri-manerst01,TE,2011
Jeron MastrudJ. Mastrud,5,1.0,0,0,0,0,0,0,0,0,0,0,1,8,0,0,0,0,jeron-mastrud-mastrje01,TE,2011
Allen ReisnerA. Reisner,9,1.0,0,0,0,0,0,0,0,0,0,0,1,5,0,0,0,0,allen-reisner-reisnal01,TE,2011
Julius ThomasJ. Thomas,6,1.0,0,0,0,0,0,0,0,0,0,0,1,5,0,0,0,0,julius-thomas-thomaju02,TE,2011
